Date,avg_score,std_score,Adj_Close
2015-01-02,0.2100214647967368,0.1436944801442644,24.435265
2015-01-05,0.2945036797993816,0.1297285660884684,23.746889
2015-01-06,0.2039656932698563,0.1155979540726412,23.749128
2015-01-07,0.269886001877021,0.1359329124657944,24.08213
2015-01-08,0.3320143631496467,0.1696986940213959,25.007435
2015-01-09,0.2806216088286601,0.1758342743114968,25.03425
2015-01-12,0.2832324887719005,0.1178700930002994,24.417383
2015-01-13,0.2514421847858465,0.1281093142621584,24.63418
2015-01-14,0.1769514692295343,0.1174632369217941,24.540316
2015-01-15,0.0321233927877619,-0.0033540152834399,23.874289
2015-01-16,0.128157033198513,0.0499178976979416,23.688776
2015-01-20,0.2669454247271642,0.1468103990923615,24.298935
2015-01-21,0.3272473027696833,0.1993866829098748,24.48444
2015-01-22,0.2376036710408516,0.1309252744090147,25.121412
2015-01-23,0.3921999540715479,0.2238402523137112,25.251043
2015-01-26,0.3924732856685296,0.2428120186001691,25.277866
2015-01-27,0.2982546877558343,0.1303684781384751,24.392805
2015-01-28,0.4777866171393544,0.2312511354219094,25.771799
2015-01-29,0.3358563460106962,0.1633969475326424,26.574167
2015-01-30,0.3157908439217135,0.1541725044199564,26.185282
2015-02-02,0.1801103130145929,0.1798097057268257,26.513824
2015-02-03,0.2351369833410717,0.1866318165405015,26.518284
2015-02-04,0.2462099687196314,0.1106208120906324,26.721668
2015-02-05,0.2818454807670787,0.1464529862598521,26.912403
2015-02-06,0.1761644813138992,0.0771125394825475,26.68577
2015-02-09,0.2978312040213496,0.1456640238232041,26.863041
2015-02-10,0.4183908823993988,0.2087929713929026,27.379118
2015-02-11,0.4902097058400977,0.2523172247016303,28.020851
2015-02-12,0.2120125538553111,0.1426777946264752,28.375374
2015-02-13,0.3373696768563241,0.2094288417861358,28.514488
2015-02-17,0.2866556301072706,0.1141048107554348,28.682779
2015-02-18,0.385361265835818,0.1730481928283035,28.882477
2015-02-19,0.2406102767842822,0.148215630349922,28.821896
2015-02-20,0.2827326618577354,0.1376679794568812,29.057499
2015-02-23,0.3375822849664838,0.1689925842103492,29.842831
2015-02-24,0.4292539096903056,0.2359832795883206,29.656599
2015-02-25,0.2992289497505408,0.1678619413109112,28.898184
2015-02-26,0.3225755024747924,0.1384781447704583,29.263927
2015-02-27,0.3713814857008402,0.1703344230054322,28.824141
2015-03-02,0.3917393419914879,0.2358917034520306,28.965498
2015-03-03,0.2259015757427551,0.07293128895634,29.026083
2015-03-04,0.1758298069471493,0.1077238076454496,28.842085
2015-03-05,0.25494386944687,0.1399582365608981,28.364151
2015-03-06,0.1989843238401226,0.0944385826598944,28.406786
2015-03-09,0.399900450228015,0.1341284172962641,28.527954
2015-03-10,0.2235593479592353,0.0829544938862551,27.937824
2015-03-11,0.3558604910620488,0.1374914163143457,27.42848
2015-03-12,0.4339986912196036,0.198492092965078,27.924366
2015-03-13,0.355538316029124,0.0920298550906756,27.731396
2015-03-16,0.3898078785417601,0.2109994605847591,28.036556
2015-03-17,0.3060909610171803,0.1746918296310019,28.50551
2015-03-18,0.2996846488141455,0.1220102802476171,28.82638
2015-03-19,0.4096483457856812,0.1911781555248918,28.608728
2015-03-20,0.2875679965899326,0.1381731928816897,28.249722
2015-03-23,0.3014982313616202,0.2056310519454925,28.543661
2015-03-24,0.346523398712743,0.2249525432525285,28.426983
2015-03-25,0.2247575758676976,0.1120555011764471,27.684275
2015-03-26,0.2838800112390891,0.1575124892972803,27.877245
2015-03-27,0.2549655053811148,0.1152226525892759,27.655107
2015-03-30,0.3868056643311865,0.2318352762733793,28.355177
2015-03-31,0.4486305798520335,0.2817494048777632,27.91988
2015-04-01,0.4527702416130342,0.2001712739577053,27.879488
2015-04-02,0.4024990191962571,0.2206128491328295,28.119577
2015-04-06,0.457564217557665,0.166610973779738,28.575071
2015-04-07,0.2895157010806725,0.1444507514181749,28.274406
2015-04-08,0.2280709452531301,0.1199821876391204,28.182404
2015-04-09,0.1940763121540658,0.0867175708470888,28.397816
2015-04-10,0.3129436293407344,0.1244997309038655,28.518976
2015-04-13,0.2878756216401235,0.1651588041551263,28.462883
2015-04-14,0.3015133038815111,0.1698051475898377,28.339478
2015-04-15,0.2497404245613143,0.0853348940865101,28.447172
2015-04-16,0.2860738811455667,0.0972258784990031,28.310305
2015-04-17,0.1852106893551536,0.1063780185559227,27.991684
2015-04-20,0.3548894931771792,0.1699330348919714,28.631168
2015-04-21,0.3729627212358173,0.2001248465973472,28.476345
2015-04-22,0.3460239728959278,0.2258196509340973,28.860039
2015-04-23,0.3789958555484191,0.1764663356279509,29.095638
2015-04-24,0.217599090305157,0.0651290913482511,29.232508
2015-04-27,0.4033137407735922,0.1784167289514549,29.764305
2015-04-28,0.1973793348483742,0.1381287133575631,29.295334
2015-04-29,0.0943805255088955,0.0503350166021601,28.864525
2015-04-30,0.1031357988074887,0.0459161178028893,28.081429
2015-05-01,0.2002973241405561,0.1378827413968764,28.934078
2015-05-04,0.2792675488768146,0.1335718206212393,28.877989
2015-05-05,0.2486339164501987,0.1094777413761103,28.227282
2015-05-06,0.2547370446333662,0.1197237069253293,28.05002
2015-05-07,0.2280102155311033,0.2124341423293495,28.223516
2015-05-08,0.2653178674424999,0.2080293971423213,28.75527
2015-05-11,0.2233749001473189,0.1187565318691358,28.462355
2015-05-12,0.1843130564992316,0.1512298991167025,28.360958
2015-05-13,0.3645209918054752,0.2329848759829842,28.392504
2015-05-14,0.2749094554549083,0.1628147741808145,29.054945
2015-05-15,0.3335733215406071,0.1891828444912057,29.014393
2015-05-18,0.3210747016291134,0.1575820226671004,29.334341
2015-05-19,0.1405918781389482,0.0896068763792958,29.307302
2015-05-20,0.1617869865312241,0.0928480082056862,29.305046
2015-05-21,0.3317748617357575,0.193091391539739,29.604727
2015-05-22,0.235347368833609,0.1813646303567231,29.863832
2015-05-26,0.1162343728588893,0.0140894174604947,29.205906
2015-05-27,0.303710217603948,0.2090263279951276,29.751181
2015-05-28,0.2221372700086795,0.0967718991162215,29.6926
2015-05-29,0.2232444303203374,0.1217594571922422,29.354624
2015-06-01,0.2802617230359465,0.2258274666372259,29.413191
2015-06-02,0.2744118448439986,0.1541675269705549,29.282516
2015-06-03,0.196890190532431,0.0690632684024758,29.318565
2015-06-04,0.2656599643209483,0.1401105750283468,29.147322
2015-06-05,0.2269377489271574,0.0997471081055262,28.987343
2015-06-08,0.3569075672281906,0.1520338871030791,28.79582
2015-06-09,0.1875844594603404,0.0557860853116327,28.710203
2015-06-10,0.2687473348667846,0.165004502343735,29.039171
2015-06-11,0.1325751224579289,0.0491403367281907,28.973825
2015-06-12,0.0675088780513033,0.0261118256047381,28.653872
2015-06-15,0.0561425638280343,0.0019240973254201,28.597549
2015-06-16,0.1753183958842419,0.1173780178620423,28.750761
2015-06-17,0.2223332965490408,0.1384893987580585,28.68317
2015-06-18,0.1826994966715574,0.1275909841879724,28.81385
2015-06-19,0.2552507919771597,0.1193343139662084,28.52544
2015-06-22,0.1220255816844291,0.065373127690197,28.753016
2015-06-23,0.1327939419599716,0.0670089023699296,28.62233
2015-06-24,0.3016151853464544,0.1786803288886229,28.865671
2015-06-25,0.2532383653940633,0.2018897474510384,28.728226
2015-06-26,0.1866926417243666,0.1492069379613588,28.559238
2015-06-29,0.0758305377047509,0.0271841240414834,28.059027
2015-06-30,0.1286205924418755,0.1050679054058084,28.261822
2015-07-01,0.1528995416709221,0.0728949268330519,28.52544
2015-07-02,0.315237589541357,0.177903007796378,28.489399
2015-07-06,0.1622979602031409,0.0541381381292588,28.390253
2015-07-07,0.1280355461267754,0.0682417241246566,28.320396
2015-07-08,0.1240487301954999,0.0573581654986825,27.617403
2015-07-09,0.0178824204206466,0.008899454228085,27.054106
2015-07-10,0.1761872420762665,0.1010812168099989,27.777386
2015-07-13,0.2848165639676154,0.2038676792502886,28.313648
2015-07-14,0.2463278032932431,0.1583546132239136,28.302378
2015-07-15,0.1917487292992881,0.1183680176805292,28.57501
2015-07-16,0.2112498738290742,0.154281728009598,28.955797
2015-07-17,0.3476716510090046,0.0999198935054337,29.205906
2015-07-20,0.2676755285495892,0.1468828188490298,29.757938
2015-07-21,0.1311840022983961,0.0850696835764079,29.460512
2015-07-22,0.1993473436613567,0.0748964290879775,28.2145
2015-07-23,0.1605155200324952,0.0999173628853818,28.200985
2015-07-24,0.2194682932971045,0.1375886936989821,28.052271
2015-07-27,0.230076348122675,0.1155289724919756,27.66247
2015-07-28,0.1778423024807125,0.0844782070878783,27.799915
2015-07-29,0.1188695733668282,0.0351857695036971,27.71204
2015-07-30,0.1746250836353283,0.1405010607380435,27.57234
2015-07-31,0.0770477417763322,-0.0101639457153721,27.331249
2015-08-03,0.2272388288960792,0.1238770181354347,26.686834
2015-08-04,-0.0675006617233157,-0.026861505337654,25.830624
2015-08-05,0.0948697524378076,0.099876325020388,26.001867
2015-08-06,0.1950313174817711,0.1560849729291817,26.058441
2015-08-07,0.1240782485576346,0.1026225327361382,26.146725
2015-08-10,0.3007605005137156,0.1542837560658617,27.097345
2015-08-11,0.0281688320590183,0.0141374052336932,25.68725
2015-08-12,0.1931153325445484,0.1075062747791437,26.083345
2015-08-13,0.1770041377749293,0.1088063465017574,26.062975
2015-08-14,0.1502534004440531,0.0680872567453945,26.246313
2015-08-17,0.2182807189482264,0.0986595252021213,26.517925
2015-08-18,0.1802976216375827,0.1422112323729595,26.368528
2015-08-19,0.2447258222685195,0.1192370795925109,26.031282
2015-08-20,0.1142590628261678,0.0608929254932286,25.497128
2015-08-21,0.2018720912793651,0.1293274742522984,23.937645
2015-08-24,0.3119267341704108,0.1446633940373851,23.340117
2015-08-25,0.2888622560282238,0.1349987074240348,23.480444
2015-08-26,0.1075246440479531,0.0516893959650585,24.827166
2015-08-27,0.2082204543519765,0.1122068853978229,25.558241
2015-08-28,0.167990662199445,0.1303883984935627,25.641983
2015-08-31,0.3335932872025296,0.2171401952495552,25.522026
2015-09-01,0.06688089156989,0.0239558682183916,24.381275
2015-09-02,0.3082343096868135,0.1972541117803186,25.426964
2015-09-03,0.2391560915333685,0.1177542240385872,24.981079
2015-09-04,0.1944413847406395,0.1260148414116074,24.732105
2015-09-08,0.2261335011478513,0.170024151964402,25.420168
2015-09-09,0.2021144229546189,0.1113923136353753,24.93128
2015-09-10,0.3190034243697301,0.1293862065766926,25.479021
2015-09-11,0.2551475834194571,0.1636965948323134,25.85022
2015-09-14,0.1651908010954503,0.1049496225832917,26.099186
2015-09-15,0.2959322470496409,0.1628082766474398,26.318737
2015-09-16,0.1552382972231134,0.0777902606921738,26.34816
2015-09-17,0.0831557086342945,0.0194930768832249,25.784584
2015-09-18,0.2073460336914286,0.1616116966659636,25.678202
2015-09-21,0.3258192862418946,0.1473274764852154,26.076559
2015-09-22,0.1425451001361944,0.0479119217656891,25.666882
2015-09-23,0.1568136386433616,0.113763781533088,25.875118
2015-09-24,0.1597704221494495,0.060690982622594,26.029026
2015-09-25,0.2287266120756977,0.1272576474631153,25.963388
2015-09-28,0.2376968250912614,0.1042043349471035,25.449602
2015-09-29,0.0440606779046356,-0.0371266293935366,24.68457
2015-09-30,0.0747456868900917,-0.0027584073820658,24.965233
2015-10-01,0.1346125427051447,0.097037080879496,24.802265
2015-10-02,0.2207494431128726,0.1524339660826114,24.983334
2015-10-05,0.0992239310103468,0.0484819927309963,25.073872
2015-10-06,0.2338678282522596,0.1335789928363362,25.193836
2015-10-07,0.1215530179301276,0.0863442628448188,25.073872
2015-10-08,0.1736124974046833,0.1143644538846635,24.784157
2015-10-09,0.2249901414243504,0.1294741228584635,25.377167
2015-10-12,0.2596913436136674,0.162489083442314,25.259472
2015-10-13,0.1728708230750635,0.092203040199741,25.302481
2015-10-14,0.1061525856528897,0.0676846643270705,24.944859
2015-10-15,0.1515399610693566,0.1027937125475011,25.318314
2015-10-16,0.2288022528740111,0.1859474676474677,25.132723
2015-10-19,0.243271952921059,0.1186347672163868,25.288893
2015-10-20,0.2323893136926926,0.1020398424945246,25.750629
2015-10-21,0.2139797396655194,0.1028270542843939,25.748363
2015-10-22,0.2531279705045745,0.1241372286955174,26.142195
2015-10-23,0.27130854462157,0.171675811401337,26.952494
2015-10-26,0.2437522060144692,0.1477005039902612,26.092405
2015-10-27,0.413428383290302,0.2120806422202873,25.927177
2015-10-28,0.3292058512894437,0.2006140285618364,26.995491
2015-10-29,0.2338657120033167,0.1660172188626494,27.280682
2015-10-30,0.3493801793875173,0.2403648049002264,27.047554
2015-11-02,0.2438178222696297,0.1569125899122523,27.427803
2015-11-03,0.3430458878865465,0.1936577885686095,27.742414
2015-11-04,0.3368623236985877,0.2142229964483437,27.613403
2015-11-05,0.247698986462783,0.0939429685012641,27.486109
2015-11-06,0.1545328997774049,0.0927487252846861,27.517929
2015-11-09,0.2132147786207497,0.100892280270937,27.406549
2015-11-10,0.1092810086952522,0.0347372674461655,26.54277
2015-11-11,0.1946159280603751,0.1118585342840261,26.392757
2015-11-12,0.130652135387063,0.0259191109671189,26.304104
2015-11-13,0.1251790462085046,0.0670843059141469,25.535803
2015-11-16,0.1774472854472696,0.0915522415976675,25.954052
2015-11-17,0.1997379399626516,0.1066361818092047,25.84267
2015-11-18,0.3500730201182888,0.1527463070348486,26.66099
2015-11-19,0.3895497327973135,0.233984761390211,26.999668
2015-11-20,0.1882260333269368,0.154375452892675,27.117868
2015-11-23,0.2212991118151695,0.1190638006313058,26.765543
2015-11-24,0.3135076565085911,0.1621880229550318,27.022396
2015-11-25,0.2695940279681236,0.1380749779250317,26.829184
2015-11-27,0.390760124833323,0.1889384318752759,26.779179
2015-11-30,0.2492767321446445,0.0983718388553951,26.890556
2015-12-01,0.2437050878722221,0.0797309493692046,26.672344
2015-12-02,0.1583035081811249,0.083572497157932,26.431398
2015-12-03,0.1893110529659315,0.1383505462995673,26.185911
2015-12-04,0.2785420532594435,0.188892826234223,27.056498
2015-12-07,0.1528331688302569,0.0443875046128988,26.886013
2015-12-08,0.191309363245964,0.0682452265310548,26.874651
2015-12-09,0.189970156897325,0.0817076244119784,26.28137
2015-12-10,0.2351412136177532,0.1277131440260782,26.406393
2015-12-11,0.1388183951471001,0.0719331757955586,25.72674
2015-12-14,0.0572459839330986,0.0222724864252122,25.567627
2015-12-15,-0.0034466704493388,-0.000865192372236,25.115286
2015-12-16,0.1979400769085623,0.1101905790340519,25.308495
2015-12-17,0.1658287071983795,0.0537590130866666,24.772051
2015-12-18,0.1412968511879444,0.0745194198917039,24.101484
2015-12-21,0.2057867286494001,0.0860190412652008,24.39699
2015-12-22,0.1919954847544431,0.0338256258702235,24.374262
2015-12-23,0.1348293974529952,0.112152941181012,24.687944
2015-12-24,0.2039165252679959,0.1308522683272718,24.556103
2015-12-28,0.2033558722236194,0.0969314823878677,24.281059
2015-12-29,0.149965102628339,0.1194916608794184,24.717489
2015-12-30,0.2278536769654602,0.1385213987899435,24.394718
2015-12-31,0.2060327925742604,0.0832698640868747,23.926464
2016-01-04,0.1852305176737718,0.114303328805672,23.946922
2016-01-05,0.2183631558145862,0.0854349937764799,23.346828
2016-01-06,0.1527670822571963,0.1211904599118819,22.889936
2016-01-07,0.2049510528077371,0.1171735358600132,21.923876
2016-01-08,0.1637800011201761,0.1281598102512963,22.039804
2016-01-11,0.1456427524681203,0.0742537035323629,22.396679
2016-01-12,0.1904896457958967,0.0920964159039771,22.721725
2016-01-13,0.2516422141110525,0.1643849759717971,22.137545
2016-01-14,0.2223920747824013,0.1066814176490197,22.62171
2016-01-15,0.0139710615202784,0.0216564589463491,22.078442
2016-01-19,0.0554515626281499,-0.0411811828550775,21.971613
2016-01-20,0.1638721577951218,0.1001610392474304,22.001165
2016-01-21,0.2206629792181775,0.1462417047079088,21.889782
2016-01-22,0.3397622855659574,0.2246543783846627,23.053595
2016-01-25,0.1611149032786488,0.0970624039218977,22.603529
2016-01-26,0.2871395865990781,0.1437654085455597,22.728542
2016-01-27,0.0822773079073522,0.0368001773757235,21.235134
2016-01-28,0.0433180267643183,-0.010461194135434,21.387432
2016-01-29,0.2482109631970524,0.1312406119747202,22.126175
2016-02-01,0.280259888980072,0.1220496296554141,21.919331
2016-02-02,0.2454600984870922,0.100852315430341,21.476086
2016-02-03,0.3697260342934169,0.1716134688807084,21.901144
2016-02-04,0.161876232267823,0.1337106487979481,22.077118
2016-02-05,0.1206396596669219,0.0527706065811968,21.487484
2016-02-08,0.232973329233937,0.1076120386577849,21.713741
2016-02-09,0.1827330526919104,0.0881582358225311,21.709171
2016-02-10,0.0988220674078911,-0.0166544756971626,21.544617
2016-02-11,0.264073420453351,0.1317619032456391,21.414349
2016-02-12,0.267052067797631,0.1137631948363193,21.480623
2016-02-16,0.2450405457313172,0.1398176155676662,22.08626
2016-02-17,0.1207817641319707,0.0635569707014413,22.424509
2016-02-18,0.1530199082847685,0.0492964627463117,21.999414
2016-02-19,0.020136659333948,-0.0223051255693519,21.949141
2016-02-22,0.0566251305746846,0.0361370091012234,22.141111
2016-02-23,0.1394868699647486,0.0787458033950001,21.640608
2016-02-24,0.1290641588834114,0.0811486236453715,21.962852
2016-02-25,0.2216192121314816,0.0807614422238211,22.113686
2016-02-26,0.1848905789386481,0.0557861321926544,22.14797
2016-02-29,0.171629449869506,0.0906048223484419,22.097691
2016-03-01,0.180876759190578,0.1198604643427731,22.975292
2016-03-02,0.1816158102639019,0.0674758161512346,23.02557
2016-03-03,0.2424965254520066,0.0571451768557833,23.196978
2016-03-04,0.1605756216798909,0.0966523188294215,23.542068
2016-03-07,0.172300821004901,0.1183674858710073,23.281532
2016-03-08,0.1001686568371951,0.0350035260349715,23.08956
2016-03-09,0.1265563087211921,0.0197622916212771,23.110132
2016-03-10,0.2277187244035304,0.068636616186206,23.121555
2016-03-11,0.1566613447479903,0.1154021456636805,23.370667
2016-03-14,0.1868589275423438,0.1211209246926832,23.430082
2016-03-15,0.2046598614566028,0.1136137871029243,23.900879
2016-03-16,0.261385294883512,0.136774153844341,24.218554
2016-03-17,0.207356697213836,0.0657516549306841,24.179707
2016-03-18,0.2079561941511929,0.1039772150869541,24.20713
2016-03-21,0.2281260802177712,0.1220963745057962,24.204842
2016-03-22,0.316927145686932,0.1512711452151065,24.389959
2016-03-23,0.4505497063323856,0.1717087125087614,24.255123
2016-03-24,0.3240098364371807,0.1275844184709716,24.14999
2016-03-28,0.371755085347686,0.1476092543829085,24.040297
2016-03-29,0.1423247431055642,0.0690503762429129,24.60936
2016-03-30,0.2082373253442347,0.0806494835834502,25.039022
2016-03-31,0.423901816662401,0.1990783028868522,24.908751
2016-04-01,0.3298740184074268,0.1315737328080316,25.137297
2016-04-04,0.3382729987660423,0.2168855605654262,25.395548
2016-04-05,0.2872023132699542,0.1305174945412246,25.096155
2016-04-06,0.358433779256884,0.1620782701355904,25.358988
2016-04-07,0.0961941997287794,0.0692278948458081,24.805904
2016-04-08,0.2960510585806333,0.0917967799301919,24.833334
2016-04-11,0.2742031872086227,0.1071372940570432,24.915604
2016-04-12,0.2278129085456021,0.1361061179768679,25.240139
2016-04-13,0.1839430048712529,0.1047771715883518,25.605803
2016-04-14,0.2472787900757976,0.1199785024730962,25.619513
2016-04-15,0.4512081472785212,0.1874159568349281,25.105299
2016-04-18,0.1418149836407974,0.0471953381519216,24.563654
2016-04-19,0.314057546411641,0.0921134431120919,24.43339
2016-04-20,0.2689261215506122,0.1259207210920509,24.483665
2016-04-21,0.2388937196671032,0.1326890962831525,24.218554
2016-04-22,0.2987982541113161,0.1084522659135291,24.152279
2016-04-25,0.2633717692946084,0.0865786011702656,24.015156
2016-04-26,-0.060600911010988,0.0089933536238149,23.84832
2016-04-27,0.1215330411959439,0.0527492154730326,22.35594
2016-04-28,0.1395404194155708,0.0941686660244832,21.6726
2016-04-29,0.0665124492906034,0.0213113079104262,21.423498
2016-05-02,0.2212776037002914,0.1138628721018774,21.400637
2016-05-03,0.2667962328670547,0.1408079579710176,21.752588
2016-05-04,0.2456864211894572,0.090850188377394,21.526335
2016-05-05,0.2229570730985142,0.0457993161472051,21.438963
2016-05-06,0.3309076482057572,0.092066524418526,21.319401
2016-05-09,0.2939459615934175,0.1323645945328911,21.335491
2016-05-10,0.3857163948728703,0.1663543278306833,21.48035
2016-05-11,0.0698134088749065,0.0418888295295461,21.271109
2016-05-12,0.2392882879194804,0.1419233233317502,20.772156
2016-05-13,0.2882477131742053,0.1622846577681127,20.813541
2016-05-16,0.3413950176420622,0.1505232550227672,21.586117
2016-05-17,0.2649865782842971,0.1213461642469453,21.496441
2016-05-18,0.3864999315119349,0.1545146636939441,21.742472
2016-05-19,0.3916538206487895,0.1018955650758922,21.659697
2016-05-20,0.3602059849188663,0.1622839231630424,21.894222
2016-05-23,0.3620803928212263,0.132047106808416,22.172447
2016-05-24,0.3509676644112915,0.1576788113484186,22.510447
2016-05-25,0.3576521527231671,0.0886419273103285,22.905935
2016-05-26,0.3373393908329308,0.1242359999754039,23.087578
2016-05-27,0.2821414611442014,0.1450556094228139,23.073788
2016-05-31,0.2855597888235934,0.1031077393249058,22.961121
2016-06-01,0.2786854679626413,0.1139474439452869,22.639212
2016-06-02,0.24592874832917,0.0787444895869888,22.469065
2016-06-03,0.3497896291338839,0.1622623985119638,22.515051
2016-06-06,0.3824576230184175,0.1350084587662681,22.678297
2016-06-07,0.2576377360965125,0.1253892312412584,22.770279
2016-06-08,0.3409366418840364,0.0765853934398243,22.749582
2016-06-09,0.2797428061719984,0.103649428580524,22.912836
2016-06-10,0.3890152640431188,0.1278069251888068,22.724291
2016-06-13,0.5343360686348751,0.0777348371594467,22.381683
2016-06-14,0.6555540664924775,0.0961907298519929,22.409279
2016-06-15,0.4783244872326031,0.1760824652632969,22.335703
2016-06-16,0.3725040919985622,0.2222619107569824,22.429974
2016-06-17,0.200346866582986,0.0949639148116969,21.919523
2016-06-20,0.3233895597327501,0.1392478899073939,21.86664
2016-06-21,0.3927087705675512,0.1371727023120267,22.052887
2016-06-22,0.3563413424557075,0.1297926047136131,21.970106
2016-06-23,0.2472419261792675,0.1022806896513292,22.096571
2016-06-24,0.1593109713541344,0.096765551607596,21.47575
2016-06-27,0.2888905258593149,0.083675431348185,21.163046
2016-06-28,0.2401698985998518,0.0960166494194274,21.51944
2016-06-29,0.2979809748032131,0.1283635853019192,21.705685
2016-06-30,0.1978151117637753,0.1137822866799853,21.981602
2016-07-01,0.2004653246700763,0.059642505998267,22.048285
2016-07-05,0.381893654903397,0.1978034896476913,21.841341
2016-07-06,0.2437368030101061,0.0825730474292426,21.965506
2016-07-07,0.3687268876191229,0.1176986122518598,22.059776
2016-07-08,0.363584123038454,0.2079735329128733,22.229931
2016-07-11,0.3091202104976401,0.1858870445342993,22.298914
2016-07-12,0.2994999710214324,0.1326720873838668,22.400084
2016-07-13,0.2148405417404137,0.095471988328212,22.273617
2016-07-14,0.4135172792500817,0.1838055939686514,22.715092
2016-07-15,0.40522992934566,0.1845207726569365,22.712793
2016-07-18,0.3902029537805356,0.1834081414557536,22.954226
2016-07-19,0.3028954300004989,0.1109907033525799,22.963417
2016-07-20,0.4521573162614368,0.1590033841131148,22.98411
2016-07-21,0.3386066743987612,0.1640792057920183,22.862242
2016-07-22,0.4141683279839344,0.1098644973962393,22.685202
2016-07-25,0.4419127043825575,0.1253650718785169,22.381683
2016-07-26,0.3965995770972222,0.1314544444159865,22.227627
2016-07-27,0.450723554235883,0.1489915367554642,23.67161
2016-07-28,0.389996907194145,0.0835558514418944,23.991215
2016-07-29,0.1824320379912387,0.0636615070992589,23.961325
2016-08-01,0.3556549695460126,0.0920599973685536,24.384407
2016-08-02,0.3201513861934655,0.1036223444067727,24.023409
2016-08-03,0.2204821628332138,0.1001191136479116,24.324623
2016-08-04,0.4129598455689848,0.1805891366635356,24.47489
2016-08-05,0.4303448901232332,0.1706957680702523,24.847084
2016-08-08,0.4201230097841472,0.121655694695672,25.052835
2016-08-09,0.4468639194453135,0.188314449484544,25.154558
2016-08-10,0.3859670977073256,0.128210349121486,24.9673
2016-08-11,0.4978481675102376,0.1131711151187902,24.95112
2016-08-12,0.4006890068459325,0.1355013448068339,25.008917
2016-08-15,0.4530116318399086,0.1272863847199585,25.309441
2016-08-16,0.501989383508917,0.1823687005184586,25.286322
2016-08-17,0.355194813280832,0.0901801100874872,25.24934
2016-08-18,0.3916144682047889,0.160855575781668,25.216972
2016-08-19,0.3570272780861706,0.0890678790159807,25.281702
2016-08-22,0.2948383847996593,0.0768810622720933,25.085201
2016-08-23,0.4138217817666009,0.1239552361196508,25.163799
2016-08-24,0.2831929907132872,0.1296052000696315,24.974234
2016-08-25,0.3365953779430128,0.1275143781840702,24.867893
2016-08-26,0.2196365256304852,0.1039921249371501,24.722248
2016-08-29,0.4260733218002133,0.1690918343439524,24.694508
2016-08-30,0.1765373195405118,0.0853948145896225,24.504946
2016-08-31,0.1549079892481677,0.0886290287195298,24.528063
2016-09-01,0.2641542643378489,0.0887582347698677,24.673702
2016-09-02,0.3679692027857527,0.1033698799746311,24.904886
2016-09-06,0.4306931241718121,0.0752271211042799,24.897942
2016-09-07,0.4639665413682815,0.141956979510567,25.050522
2016-09-08,0.3494383237441071,0.070673717501896,24.393974
2016-09-09,0.5374130749807229,0.1497275371569212,23.841459
2016-09-12,0.4782252932386473,0.1351394421561352,24.375475
2016-09-13,0.4974271799204872,0.185772832855678,24.955742
2016-09-14,0.522610909624491,0.1578625016421518,25.838842
2016-09-15,0.4221704044390936,0.1524472820711997,26.717319
2016-09-16,0.4053899023542181,0.1312966165823003,26.567051
2016-09-19,0.2985772985895165,0.1510969639348682,26.257277
2016-09-20,0.3470604079077021,0.112957233891416,26.254965
2016-09-21,0.3062770276237279,0.1417942878924216,26.25034
2016-09-22,0.3624386560404674,0.1382277105203133,26.497704
2016-09-23,0.2699421880906448,0.1019978262403117,26.056149
2016-09-26,0.3077928166254424,0.1066181138107459,26.095448
2016-09-27,0.2907189262541942,0.087362574843838,26.144001
2016-09-28,0.4004471256118268,0.0970128052853609,26.342813
2016-09-29,0.4192399058584124,0.1600490074133058,25.93362
2016-09-30,0.3951664345315658,0.129958532448099,26.134748
2016-10-03,0.3284242506092414,0.1091044194432259,26.012226
2016-10-04,0.29157430739142,0.137033358507553,26.123188
2016-10-05,0.2427466397895478,0.1264910066237831,26.134748
2016-10-06,0.424730301143136,0.1388760019535363,26.328941
2016-10-07,0.2609850451443345,0.135604913499488,26.368238
2016-10-10,0.4132179915718734,0.1651215293759223,26.828287
2016-10-11,0.251224279392045,0.1456310933402811,26.886082
2016-10-12,0.3962168086715975,0.1232165877808933,27.126505
2016-10-13,0.355507971458137,0.1559898638591052,27.043282
2016-10-14,0.2578334371268284,0.1084810799889852,27.193554
2016-10-17,0.3483664440596476,0.1061015602585392,27.175058
2016-10-18,0.3121378328884021,0.1145899828103109,27.156559
2016-10-19,0.4023740366962738,0.144290966224266,27.075649
2016-10-20,0.1984141137939878,0.0865296750730935,27.061775
2016-10-21,0.3168672405113466,0.1511466305443216,26.955435
2016-10-24,0.4105719026282896,0.176521812684863,27.198175
2016-10-25,0.2523946417612024,0.085179582697189,27.336878
2016-10-26,0.2275147177674808,0.0923799014101673,26.721943
2016-10-27,0.55857691242476,0.1578823665236238,26.46534
2016-10-28,0.4702778321132064,0.1101033740578963,26.289646
2016-10-31,0.3115377115015872,0.1361816190508686,26.24803
2016-11-01,0.3225073697022163,0.095522888665654,25.774109
2016-11-02,0.3341876019677148,0.1831582020765223,25.79723
2016-11-03,0.2180670612119138,0.1201650096569669,25.520716
2016-11-04,0.2510238477750681,0.0683186119499608,25.290672
2016-11-07,0.35312699357979,0.1749598915811401,25.655487
2016-11-08,0.4939925137627871,0.1748841955086373,25.806524
2016-11-09,0.4523829960171134,0.155314216258088,25.7647
2016-11-10,0.3396146312472411,0.1015232913965914,25.04669
2016-11-11,0.3954609419731423,0.2307983075206267,25.1954
2016-11-14,0.1126405391097068,0.0115132414084782,24.563366
2016-11-15,0.388764147273032,0.1592611203792329,24.888685
2016-11-16,0.327338627607096,0.1292755720967404,25.557892
2016-11-17,0.187233237111941,0.0674415073421762,25.548595
2016-11-18,0.4152313551865518,0.0775523750728856,25.57416
2016-11-21,0.2321088656201028,0.1356024438055768,25.96221
2016-11-22,0.2566483519552276,0.1058186439466699,25.978476
2016-11-23,0.3766926601412707,0.1345147637004872,25.846027
2016-11-25,0.3030510840390343,0.1264411618707931,25.976152
2016-11-28,0.4361221969570034,0.1796386218771999,25.92503
2016-11-29,0.1802344977809117,0.1175216347398882,25.899471
2016-11-30,0.5816502527124249,0.1968001143151216,25.681049
2016-12-01,0.4394292150903494,0.0998534576052919,25.441713
2016-12-02,0.3264750451012514,0.0876439582689778,25.536976
2016-12-05,0.2745070785726421,0.1402620563906028,25.353409
2016-12-06,0.3211517802230083,0.191777478653792,25.548595
2016-12-07,0.4379426742484794,0.1406568460810762,25.799557
2016-12-08,0.4160247515165247,0.1793357986237385,26.052835
2016-12-09,0.4216802235273645,0.2042414315176051,26.47806
2016-12-12,0.2634794922522269,0.089471808350493,26.327028
2016-12-13,0.4251919255615212,0.24485972826163,26.766197
2016-12-14,0.4791064988134895,0.2178045713613323,26.766197
2016-12-15,0.3273931162222289,0.1543786697093478,26.91259
2016-12-16,0.2884505039802753,0.1067762513594986,26.947441
2016-12-19,0.2603246846282855,0.1319280773667746,27.103125
2016-12-20,0.3780295029771515,0.2083740847680286,27.175158
2016-12-21,0.3783475010818802,0.1505428798901324,27.200716
2016-12-22,0.3385137418098748,0.139726297276784,27.021797
2016-12-23,0.2748426445084624,0.0742484057648628,27.075237
2016-12-27,0.4125778414076194,0.1340363706666066,27.24719
2016-12-28,0.3258674529218116,0.1260871701011036,27.131008
2016-12-29,0.3487934348080308,0.1198173005220582,27.124041
2016-12-30,0.2756617765850388,0.0870544450326702,26.91259
2017-01-03,0.3748423271812499,0.0829106169760947,26.989265
2017-01-04,0.4062502125278115,0.1809717987557321,26.959059
2017-01-05,0.352379695258569,0.1926571092685781,27.096155
2017-01-06,0.2379612407274544,0.1221725831386299,27.398235
2017-01-09,0.4013060185313225,0.1088085733657971,27.649179
2017-01-10,0.4206466479087249,0.1838194172733033,27.677069
2017-01-11,0.3404201673064381,0.1604691477657082,27.825775
2017-01-12,0.3485176811669954,0.1594355070643843,27.709599
2017-01-13,0.363587022672873,0.1255911697229227,27.660801
2017-01-17,0.4198970160190948,0.1893703139725658,27.883873
2017-01-18,0.31294258459704,0.1065130870018057,27.88155
2017-01-19,0.3195424092747271,0.0833314882291825,27.832754
2017-01-20,0.2936245372961276,0.1764821364741182,27.883873
2017-01-23,0.2583882501791232,0.0827830122045681,27.902458
2017-01-24,0.4519323254236952,0.1531881904165266,27.876905
2017-01-25,0.5416027790773661,0.1731599949448029,28.320721
2017-01-26,0.4251679861498997,0.1445410503640157,28.334661
2017-01-27,0.4585719934338704,0.1739100289224988,28.336985
2017-01-30,0.4252929185656831,0.188994295747847,28.26263
2017-01-31,0.2858553331135772,0.1369948539232007,28.197573
2017-02-01,0.3209053168771789,0.1841605309457344,29.917076
2017-02-02,0.2987490839557722,0.1161084894118142,29.865953
2017-02-03,0.3839894828037359,0.1491487589144329,29.993748
2017-02-06,0.4189281836315058,0.1286312564271008,30.274912
2017-02-07,0.3468012763489969,0.2075286027068336,30.563044
2017-02-08,0.3255431836377829,0.0971170265169957,30.681559
2017-02-09,0.3628921337379143,0.1883452498118042,30.903257
2017-02-10,0.3587616309570149,0.1111505190887666,30.833244
2017-02-13,0.5394394382671454,0.2018527484247358,31.106291
2017-02-14,0.3749720490397886,0.1804632627402158,31.510033
2017-02-15,0.3012105979537591,0.1403950790144424,31.624386
2017-02-16,0.3496650859317742,0.1706633747744881,31.58704
2017-02-17,0.3908357943652664,0.1488427132392821,31.673393
2017-02-21,0.4459259675862268,0.1684101939104784,31.902098
2017-02-22,0.4720075636333786,0.1468008343246934,31.997774
2017-02-23,0.2721489284327254,0.1057317946508623,31.862417
2017-02-24,0.3021001649880782,0.1285630509909835,31.892771
2017-02-27,0.4469352790364065,0.1947390246778561,31.955769
2017-02-28,0.3385029397066683,0.1229119169607289,31.969778
2017-03-01,0.3205152334389277,0.1344405588516241,32.623219
2017-03-02,0.3743502331874334,0.1108365551855376,32.42952
2017-03-03,0.3927664708113298,0.2060000995794523,32.620895
2017-03-06,0.4195012104511261,0.1836125043063923,32.518192
2017-03-07,0.1864900794951245,0.0755128247157866,32.560204
2017-03-08,0.2028332287771627,0.144074486790428,32.438862
2017-03-09,0.3641612987546251,0.1857884581294446,32.364178
2017-03-10,0.3642882019770332,0.1635355372569454,32.471519
2017-03-13,0.2535893563413993,0.1564023848815692,32.485531
2017-03-14,0.3672570855054073,0.1621892554236461,32.43652
2017-03-15,0.3701575725781731,0.1812296021395426,32.779575
2017-03-16,0.3633930094446987,0.1751325460579106,32.833263
2017-03-17,0.2586544644250534,0.1287603739268838,32.669888
2017-03-20,0.3306294923368842,0.091794417624148,33.012951
2017-03-21,0.3711700926534832,0.1183826597341564,32.634892
2017-03-22,0.3519593151728623,0.1235249517891422,33.00362
2017-03-23,0.3500652117456775,0.1741449908646301,32.886932
2017-03-24,0.2612907386966981,0.1744075250196439,32.821583
2017-03-27,0.3125376371992752,0.138674768214093,32.877609
2017-03-28,0.2486417187377811,0.1359621392369522,33.559048
2017-03-29,0.2516197249991819,0.0599936547639447,33.633724
2017-03-30,0.3043217552336865,0.1592065279209637,33.58939
2017-03-31,0.2107416869327426,0.1374446004872083,33.526371
2017-04-03,0.2832717133825645,0.1432949847660994,33.535706
2017-04-04,0.3042082498921081,0.1787127841010739,33.785427
2017-04-05,0.2848985627118964,0.1407467241502009,33.61039
2017-04-06,0.2277543997648172,0.1101712629954681,33.526371
2017-04-07,0.3276075512031093,0.1680922802005245,33.451687
2017-04-10,0.2016386918118223,0.1135412007734495,33.412022
2017-04-11,0.1308393068099394,0.0692375767282315,33.052631
2017-04-12,0.2319159291777759,0.1399489039116006,33.092297
2017-04-13,0.203748707328923,0.0859009827447019,32.917267
2017-04-17,0.3280109123059083,0.1195676234192482,33.099304
2017-04-18,0.1661730655212886,0.107861761717582,32.952271
2017-04-19,0.2190353821474128,0.0978521711225746,32.830925
2017-04-20,0.3643793996865861,0.1994251996590126,33.241665
2017-04-21,0.4535665184026585,0.1226724861932298,33.201984
2017-04-24,0.2211550853610969,0.1341756805250683,33.521702
2017-04-25,0.2774609066790436,0.1677189883048038,33.729412
2017-04-26,0.3502305321465246,0.1767452407441847,33.531048
2017-04-27,0.231330140021164,0.0925664337867148,33.556721
2017-04-28,0.3516101559391246,0.1757700310474238,33.52404
2017-05-01,0.4122101642144844,0.1850503599213711,34.207825
2017-05-02,0.1658602396957576,0.0870470134953773,34.424858
2017-05-03,0.2193265631818212,0.0793440344429292,34.319836
2017-05-04,0.1799851391743869,0.0812051408203835,34.196156
2017-05-05,0.2279360348009504,0.1214927837624084,34.763248
2017-05-08,0.2306617224146612,0.0949800502594224,35.708408
2017-05-09,0.2326636535522993,0.1284585567783381,35.937115
2017-05-10,0.3097172392997891,0.1447720633751808,35.766754
2017-05-11,0.2273534959438257,0.1076393598913101,36.076073
2017-05-12,0.3395705686393194,0.1721842133870329,36.579903
2017-05-15,0.1952425603743176,0.0959001650090995,36.486164
2017-05-16,0.2487777896458283,0.1346075545480744,36.432266
2017-05-17,0.3285191639524419,0.1699633384643318,35.209038
2017-05-18,0.2193634884851054,0.1175475674549246,35.745663
2017-05-19,0.4029088002478239,0.2062446422362615,35.867512
2017-05-22,0.281157605862245,0.15191901833585,36.085453
2017-05-23,0.3746689400915057,0.1978169326916294,36.04092
2017-05-24,0.225949519998394,0.0927835314535517,35.933136
2017-05-25,0.2224439274065662,0.1339594901311641,36.057335
2017-05-26,0.221341668474488,0.1105146377261294,35.996403
2017-05-30,0.3412472409941257,0.1906621502873949,36.010464
2017-05-31,0.3030050302250311,0.1391798531899716,35.797218
2017-06-01,0.3653169589384925,0.1831962560171883,35.895645
2017-06-02,0.3365692266135011,0.1455379737773678,36.427582
2017-06-05,0.2501160955056548,0.1847717665269701,36.071392
2017-06-06,0.3865320167737082,0.1772304027077189,36.193241
2017-06-07,0.296815504381666,0.1514320968802082,36.408829
2017-06-08,0.3148368582758121,0.1693867778581996,36.31979
2017-06-09,0.0812416113447397,0.0557195623927435,34.91143
2017-06-12,0.0262094818172045,0.0303151128412446,34.07719
2017-06-13,0.2088134275539779,0.114967203530734,34.35136
2017-06-14,0.3389187280205079,0.1768104544843922,34.016258
2017-06-15,0.1294898800342343,0.0460458845985037,33.812393
2017-06-16,0.2644864929525647,0.1922107241650394,33.339024
2017-06-19,0.205894411294721,0.1200516204772173,34.292774
2017-06-20,0.3130787724186666,0.1839228730464483,33.981117
2017-06-21,0.2286764741898515,0.0819981132352639,34.18264
2017-06-22,0.2367515491088852,0.1264947997861575,34.126392
2017-06-23,0.2948510143929161,0.1995035457475005,34.278713
2017-06-26,0.2265741537744179,0.1085649236074501,34.170929
2017-06-27,0.2343875080836006,0.0882285961700767,33.681156
2017-06-28,0.3441559305274859,0.1762237537716575,34.173264
2017-06-29,0.3057676854298916,0.1076842408202211,33.669437
2017-06-30,0.2557617516757455,0.1354732501065582,33.749123
2017-07-03,0.2223946579592303,0.0853047053574244,33.627262
2017-07-05,0.2638882277731318,0.1261553136568244,33.765522
2017-07-06,0.2529708851664327,0.1409257276366712,33.446831
2017-07-07,0.2278778636804782,0.1024559887164394,33.786613
2017-07-10,0.3216725679929368,0.1456464126112091,33.992821
2017-07-11,0.1729412144050002,0.076346352354279,34.102966
2017-07-12,0.1588393649691716,0.0280428897862578,34.152168
2017-07-13,0.1975136670935899,0.108664463325653,34.627888
2017-07-14,0.3937723341281526,0.2412388167529818,34.925484
2017-07-17,0.2698803381994367,0.1108957329776533,35.04734
2017-07-18,0.3215236609312706,0.1950901563045113,35.169197
2017-07-19,0.4353747169673443,0.1131910664074681,35.389473
2017-07-20,0.3930811270687264,0.2310640264677541,35.230129
2017-07-21,0.2219753220491111,0.1456861250835852,35.213718
2017-07-24,0.4299331615306437,0.2814104750620935,35.640213
2017-07-25,0.2092512603569776,0.1221437595738116,35.79253
2017-07-26,0.3188816954172216,0.134559716448737,35.961239
2017-07-27,0.2132779741007835,0.0821137782325061,35.281681
2017-07-28,0.1591440405347384,0.1007032316005462,35.033287
2017-07-31,0.2635911146982107,0.1363059535946972,34.852833
2017-08-01,0.3223393400164787,0.188842932673996,35.16217
2017-08-02,0.3333646339632105,0.1294576803178782,36.823616
2017-08-03,0.3595305076229852,0.1488346489908567,36.455704
2017-08-04,0.3956483324966394,0.197306930072406,36.647865
2017-08-07,0.3976508711092175,0.1668820302749144,37.214943
2017-08-08,0.2644357785582543,0.1409097985963966,37.512558
2017-08-09,0.4321077492437326,0.1354936358723864,37.74221
2017-08-10,0.2508320894045755,0.0802166102406977,36.540051
2017-08-11,0.2769056512182578,0.1320803474455161,37.048195
2017-08-14,0.3446052167681046,0.1131371775685532,37.605762
2017-08-15,0.3703859234345146,0.1945470624279663,38.017464
2017-08-16,0.1718629523413256,0.0764986288161451,37.864548
2017-08-17,0.2573908945173025,0.1050136767048912,37.137604
2017-08-18,0.2727060389285907,0.1062822125247869,37.052906
2017-08-21,0.2056383734941482,0.1121123601701545,36.98468
2017-08-22,0.231179109797813,0.1174495640693946,37.589291
2017-08-23,0.2856959024758544,0.1718753561089155,37.636333
2017-08-24,0.3571115897945129,0.1708256476905719,37.469307
2017-08-25,0.268291145726107,0.1670144091961126,37.608116
2017-08-28,0.3653273367765359,0.1222251876514925,37.986866
2017-08-29,0.2905034962855279,0.0981277786892854,38.325649
2017-08-30,0.3549174891668372,0.1492691084724534,38.429161
2017-08-31,0.3357666982966475,0.0901572843651498,38.582081
2017-09-01,0.270290800264338,0.1346310657947086,38.593838
2017-09-05,0.2633445278229192,0.1253917138444835,38.130379
2017-09-06,0.2268667957605794,0.1207233190046645,38.090385
2017-09-07,0.1457130443397909,0.0602552137427895,37.937477
2017-09-08,0.198072795860935,0.1042670977171209,37.318745
2017-09-11,0.3746467212261632,0.1324260904322673,37.993938
2017-09-12,0.2281546204467304,0.0694278159302084,37.843372
2017-09-13,0.3028705011168495,0.1459511791756787,37.558708
2017-09-14,0.3291276462725364,0.1230384887992936,37.236404
2017-09-15,0.2692677014321089,0.0625696344402726,37.612812
2017-09-18,0.3113664324698039,0.128939709718741,37.328156
2017-09-19,0.3346644577779807,0.1626854322075662,37.342274
2017-09-20,0.0271082422183826,-0.0095839193160249,36.716496
2017-09-21,0.1865147738857195,0.0977333871167824,36.086002
2017-09-22,0.1316453361650928,0.0562279182452646,35.73312
2017-09-25,0.2253875467088074,0.1139325913919829,35.417881
2017-09-26,0.2482319440227002,0.1065182324999454,36.02718
2017-09-27,0.3464767633401789,0.1834154305705833,36.28363
2017-09-28,0.1516488085617311,0.0534333940085705,36.060127
2017-09-29,0.2862330249452498,0.0943260027064281,36.257744
2017-10-02,0.2973127838235814,0.1976162189498937,36.184803
2017-10-03,0.2919213957269676,0.2248150589875204,36.34243
2017-10-04,0.1429183073667809,0.0314510557640484,36.107174
2017-10-05,0.3194477184535936,0.1489643464139457,36.556511
2017-10-06,0.3075440403842367,0.116474418930102,36.535347
2017-10-09,0.2299947789753788,0.110795493246127,36.66238
2017-10-10,0.2720612534717657,0.1111795003130988,36.676491
2017-10-11,0.2335269461129792,0.0848938080364961,36.829414
2017-10-12,0.248871084129205,0.1271067868009368,36.700024
2017-10-13,0.2579142027324997,0.1586298268015006,36.932922
2017-10-16,0.3784128393779974,0.1530049319321622,37.612812
2017-10-17,0.3181762375659309,0.2410929346886298,37.751617
2017-10-18,0.2785381814697757,0.1483037702004573,37.584591
2017-10-19,0.2032461637072265,0.081163554134828,36.69532
2017-10-20,0.2236815219465643,0.0997565294327138,36.758831
2017-10-23,0.2993606873392127,0.1569799725953047,36.740013
2017-10-24,0.2538749762880616,0.1281888782968576,36.958809
2017-10-25,0.2946907823882066,0.1984596168272061,36.796482
2017-10-26,0.3225603623874486,0.1703549772974771,37.031746
2017-10-27,0.2739002072438598,0.1518359952037357,38.358578
2017-10-30,0.2801560842688195,0.2393622533461185,39.221977
2017-10-31,0.3078549636562821,0.1441075006054485,39.767761
2017-11-01,0.2667603867244907,0.1505774903045951,39.261967
2017-11-02,0.4296019377745689,0.1031823291910389,39.548988
2017-11-03,0.3507240344397724,0.1419731649828837,40.581757
2017-11-06,0.2503139572241344,0.0914858874190627,40.993465
2017-11-07,0.2019221248663962,0.080442090205724,41.125195
2017-11-08,0.2976229007099755,0.1245159824689693,41.461617
2017-11-09,0.3022693899064325,0.130632862624511,41.376923
2017-11-10,0.1360775402525905,0.1613030603592152,41.239979
2017-11-13,0.324714338015765,0.1508253388061885,41.074707
2017-11-14,0.2124298031162471,0.1012054911836231,40.45377
2017-11-15,0.2609343010676094,0.1124972128576424,39.920174
2017-11-16,0.2587311520637014,0.1474499164807494,40.397095
2017-11-17,0.2492345619294792,0.1070486313764107,40.172817
2017-11-20,0.3530557638080791,0.1515879016864804,40.132668
2017-11-21,0.2963678176165559,0.1739829826993916,40.87875
2017-11-22,0.4106262561713811,0.2330555915869303,41.30846
2017-11-24,0.4288679822371342,0.227897535963165,41.310818
2017-11-27,0.3048608500743285,0.1492855057641856,41.103043
2017-11-28,0.2730509818682913,0.153332147092607,40.862225
2017-11-29,0.0855619835108518,0.002533486110445,40.014618
2017-11-30,0.2164174298616126,0.1231198655076957,40.574173
2017-12-01,0.2648977902391926,0.1622556632195012,40.385292
2017-12-04,0.2712940762680956,0.1027194147788673,40.090157
2017-12-05,0.2459283461864106,0.1454494678341918,40.052387
2017-12-06,0.2317185130063444,0.1113997211139812,39.90366
2017-12-07,0.2349522888567299,0.1219302103568674,39.976841
2017-12-08,0.3781809485075064,0.2424741447427908,39.988644
2017-12-11,0.3146908256597817,0.1587319898337572,40.76778
2017-12-12,0.3190621487982571,0.1698980437850572,40.538757
2017-12-13,0.4251317910582293,0.1466520963089062,40.67334
2017-12-14,0.2357664884184487,0.1250030414779134,40.661541
2017-12-15,0.1639343378529884,0.1229848518928698,41.074707
2017-12-18,0.3073846203496214,0.1610655535715998,41.653168
2017-12-19,0.0894527696724981,0.0054455718279164,41.209293
2017-12-20,0.317849313041661,0.1603900777225076,41.164433
2017-12-21,0.2098766803357285,0.0654257276991613,41.320255
2017-12-22,0.2306251784926281,0.0899977934376401,41.320255
2017-12-26,0.0570691942167468,0.0068524141605166,40.271957
2017-12-27,0.1681713519874028,0.059271094074358,40.279049
2017-12-28,0.3737508251261898,0.1678457194585115,40.392387
2017-12-29,0.2608940355549566,0.114812116414385,39.955593
2018-01-02,0.4067683599120938,0.2255855765986681,40.670975
2018-01-03,0.2919585066055879,0.1378571678708983,40.663887
2018-01-04,0.2396404963987879,0.0858087968624558,40.852779
2018-01-05,0.2674514709610958,0.1688138903037031,41.317898
2018-01-08,0.0958799255290068,0.0133275506736076,41.164433
2018-01-09,0.1644178537372499,0.0759989873947175,41.159714
2018-01-10,0.2856914061168208,0.1130068979386108,41.150261
2018-01-11,0.3192981480294838,0.128314644644721,41.384003
2018-01-12,0.3852121238759719,0.2289930422924147,41.811352
2018-01-16,0.1730966907762922,0.0943532359645951,41.598854
2018-01-17,0.2691240481170825,0.070903706078032,42.285927
2018-01-18,0.2139620616775938,0.038035025604989,42.3237
2018-01-19,0.3723779052379541,0.0959187207757546,42.134808
2018-01-22,0.2654520030436106,0.1106477269053524,41.790104
2018-01-23,0.3039135889103636,0.1506106371467657,41.799545
2018-01-24,0.3341901536623482,0.167542377892349,41.133736
2018-01-25,0.285591362528503,0.1365942397156164,40.39946
2018-01-26,0.2832316182693467,0.1466802441114369,40.493908
2018-01-29,0.2078958763019182,0.0730151374802067,39.655739
2018-01-30,0.2312469380139374,0.1262024036173203,39.422009
2018-01-31,0.2630243828846142,0.156781755033528,39.530609
2018-02-01,0.2900351776881144,0.0980703901238629,39.613235
2018-02-02,0.0163388207077514,0.0217442345914186,37.894413
2018-02-05,0.2955679439124652,0.1546154199855878,36.947647
2018-02-06,0.2502359425509349,0.1344694730720894,38.491749
2018-02-07,0.1448447958019096,0.0206312497893105,37.667755
2018-02-08,0.1790483333449811,0.0773977926493878,36.63126
2018-02-09,0.2800539245898836,0.1110875810884694,37.079319
2018-02-12,0.3264736458612606,0.1852864101048938,38.572834
2018-02-13,0.2260526824067347,0.0830562218315773,38.959248
2018-02-14,0.3675070880097337,0.1428975453709541,39.677559
2018-02-15,0.2182882093521767,0.1343769985416368,41.009861
2018-02-16,0.357652581204893,0.2183785768994765,40.877098
2018-02-20,0.321676467495272,0.2036791675989182,40.739605
2018-02-21,0.1421883325884118,0.0122139096455935,40.554695
2018-02-22,0.2469643948180601,0.1052462158965185,40.8937
2018-02-23,0.2940420671645553,0.1546670384382986,41.604893
2018-02-26,0.3195004479074851,0.1449217058147792,42.427513
2018-02-27,0.2725542771653272,0.1162959025557544,42.290009
2018-02-28,0.2435447964677587,0.1417919072247888,42.226002
2018-03-01,0.1399384749447927,0.0716090936943049,41.486351
2018-03-02,0.1789597160136327,0.1270325163706359,41.773209
2018-03-05,0.2007535512885079,0.0832789258243527,41.91782
2018-03-06,0.1511719872476533,0.0704319484957959,41.882244
2018-03-07,0.1825540185347199,0.0590085669058151,41.493462
2018-03-08,0.2862741729011759,0.2053631646220411,41.946266
2018-03-09,0.3266990527976304,0.1942664436667402,42.66695
2018-03-12,0.2948885635961779,0.1182223368246384,43.079433
2018-03-13,0.2583891905052587,0.1256614657693525,42.66457
2018-03-14,0.023137635870371,-0.0134937393295855,42.301853
2018-03-15,0.2592770357453264,0.1607994197899326,42.351639
2018-03-16,0.2833190879039466,0.1684070844371152,42.202305
2018-03-19,0.2032322062645107,0.0792189313448339,41.55748
2018-03-20,0.2170198056148365,0.0927521386332685,41.543251
2018-03-21,0.1940279021742754,0.1022774958411768,40.6021
2018-03-22,0.2295410130335949,0.1382761588635548,40.028412
2018-03-23,0.3349826966272667,0.1687325618148497,39.101494
2018-03-26,0.2262761700805277,0.1347707682247886,40.95771
2018-03-27,0.2804710819921456,0.1508944491486049,39.907505
2018-03-28,0.1474593405530322,0.0527952765235655,39.466568
2018-03-29,0.1034873568383045,0.0721990477800147,39.774746
2018-04-02,-0.028106261161156,-0.0540657643012406,39.513973
2018-04-03,0.1391470062197186,0.0741342175036088,39.919353
2018-04-04,0.1968664535670541,0.066128187883843,40.682713
2018-04-05,0.1056419891119003,0.0771362574276914,40.964821
2018-04-06,0.1187673834362067,0.0669111077905475,39.916988
2018-04-09,0.274155121552758,0.1968191227888288,40.312889
2018-04-10,0.285717098582536,0.1362209828307782,41.071499
2018-04-11,0.2326338062505238,0.1531154111942256,40.879471
2018-04-12,0.2010510927019641,0.0651592396514332,41.282482
2018-04-13,0.2999353865254671,0.1326018738537965,41.422352
2018-04-16,0.2009617026988416,0.0672911063850631,41.680752
2018-04-17,0.2939793611783535,0.1943628982272829,42.254459
2018-04-18,0.2991566930734552,0.1293904224673788,42.159622
2018-04-19,0.1222945793508552,0.0325531053777828,40.964821
2018-04-20,0.0117817996907979,0.0006519556013189,39.286396
2018-04-23,0.248354985350743,0.1479614784909436,39.172611
2018-04-24,0.1436927385209128,0.0686452057053258,38.627357
2018-04-25,0.1538103191182017,0.0619742470163731,38.79567
2018-04-26,0.1336190582276322,0.0357135511110894,38.930794
2018-04-27,0.1386366219213232,0.0860664886468935,38.480377
2018-04-30,0.2564627599902451,0.0793269751503485,39.177345
2018-05-01,0.2457105575071182,0.1039777561270788,40.087673
2018-05-02,0.1900291053019464,0.06265199355737,41.85854
2018-05-03,0.204158291479107,0.0968758757504416,41.934406
2018-05-04,0.3043647850910202,0.1058146716951528,43.579639
2018-05-07,0.2843680379167199,0.0961882213557251,43.894932
2018-05-08,0.2598170249629766,0.1457413875508628,44.105919
2018-05-09,0.2415758412145078,0.1268283600119785,44.416473
2018-05-10,0.3030714902956971,0.1374278673855745,45.051807
2018-05-11,0.3450000654836186,0.1710803360229983,44.880466
2018-05-14,0.2866013107798062,0.1490635507239714,44.775757
2018-05-15,0.2453358723502606,0.1402496137357325,44.368805
2018-05-16,0.1946100578689948,0.1173394056952353,44.78289
2018-05-17,0.3758102737227455,0.1730667804132519,44.499699
2018-05-18,0.2770591107453219,0.1596697902606284,44.337879
2018-05-21,0.148054503868334,0.0783246280872627,44.652004
2018-05-22,0.1743274375633336,0.1192790797431761,44.540157
2018-05-23,0.2514299401990138,0.1792631880304005,44.825737
2018-05-24,0.2878232333227061,0.1437708676493277,44.775757
2018-05-25,0.3010593144083396,0.1783082891168265,44.878082
2018-05-29,0.2234222555812448,0.1049668124479976,44.716259
2018-05-30,0.1581561553734354,0.0448823175478601,44.621071
2018-05-31,0.2173701446736232,0.1037217812867378,44.471138
2018-06-01,0.2493101190635935,0.1293030917543335,45.273132
2018-06-04,0.341665692308452,0.150813943173721,45.65152
2018-06-05,0.2472188511746936,0.1308837379409948,46.003719
2018-06-06,0.4017468391545117,0.199615547380415,46.16317
2018-06-07,0.3171252492547501,0.1413043747907131,46.039425
2018-06-08,0.1838224660535343,0.0424314843172037,45.620579
2018-06-11,0.1834991752007044,0.0734339965210002,45.508739
2018-06-12,0.3165392368962057,0.1636616813496225,45.758614
2018-06-13,0.2101009756047278,0.0830274904864877,45.382607
2018-06-14,0.2405944184400141,0.1368399175792354,45.406395
2018-06-15,0.2987821236834862,0.1682282884592778,44.939949
2018-06-18,0.195021779271774,0.09409278055934,44.916157
2018-06-19,0.1296330399508588,0.0569738981491575,44.190334
2018-06-20,0.1808344409614801,0.1028991841067161,44.383091
2018-06-21,0.2041694802767597,0.0809521365794527,44.135586
2018-06-22,0.2127577578485943,0.0935459776777188,44.007076
2018-06-25,0.3185722456546501,0.2123471060101384,43.352638
2018-06-26,0.2577496852050536,0.2219739927645065,43.890472
2018-06-27,0.2733799398620613,0.201577108343079,43.826218
2018-06-28,0.2390215280978009,0.1010558587098774,44.145103
2018-06-29,0.2600932978268248,0.1565935634721273,44.052299
2018-07-02,0.2143725644727238,0.0856330563283837,44.544914
2018-07-03,0.3455857125972398,0.1515429364822774,43.769108
2018-07-05,0.3031193063675892,0.208066571724314,44.121307
2018-07-06,0.3496113138599321,0.1639062729652242,44.732914
2018-07-09,0.3609848148142919,0.180851213472471,45.354046
2018-07-10,0.2029279334400781,0.07542819806122,45.299313
2018-07-11,0.2132089424272999,0.0680179865928623,44.711494
2018-07-12,0.2573387216683477,0.1154184858868708,45.461143
2018-07-13,0.3342052230378613,0.0926053526289021,45.53252
2018-07-16,0.3219833578797989,0.137898675978515,45.432579
2018-07-17,0.2783368049142882,0.1346154131550459,45.561089
2018-07-18,0.3380877142760437,0.0872849745074248,45.311211
2018-07-19,0.2962827034550719,0.1651679143950498,45.66341
2018-07-20,0.2809995635249652,0.1439117831337615,45.558701
2018-07-23,0.406913419100456,0.1184297935690889,45.599163
2018-07-24,0.2368490080768243,0.0957622167536498,45.929955
2018-07-25,0.3213599740993231,0.1160946655768192,46.363075
2018-07-26,0.2021911113290116,0.1159444885823837,46.217907
2018-07-27,0.1815527596790343,0.0821051846981858,45.449242
2018-07-30,0.1151169590651988,0.0162123701837733,45.194595
2018-07-31,0.3262370464438573,0.1793393404803977,45.28503
2018-08-01,0.3075988439074718,0.0786192596456444,47.952766
2018-08-02,0.3404667564388365,0.1589627377542581,49.354485
2018-08-03,0.2987430894491263,0.1605504936041141,49.497261
2018-08-06,0.284288893812336,0.1276256197350498,49.75428
2018-08-07,0.2265328543772921,0.1151884001793894,49.287838
2018-08-08,0.26678502461873,0.1284722421991511,49.321156
2018-08-09,0.3753586344502401,0.1705576512518232,49.709064
2018-08-10,0.240384488296695,0.0787929616990154,49.560993
2018-08-13,0.2923835367150605,0.1450024965026347,49.881008
2018-08-14,0.2828228582395241,0.155270618337966,50.091171
2018-08-15,0.1542679913295433,-0.0006552009201388,50.208191
2018-08-16,0.231841389752226,0.088987312366807,50.943733
2018-08-17,0.2286584858526476,0.1014439950126594,51.961082
2018-08-20,0.1928557556984015,0.0876464057042791,51.454792
2018-08-21,0.2854047062341124,0.0966685787053063,51.354477
2018-08-22,0.3115368858724833,0.1441020240584273,51.35688
2018-08-23,0.4013291281368584,0.1182812550366531,51.461952
2018-08-24,0.2212177973380312,0.0641611926604524,51.621956
2018-08-27,0.3878713906428311,0.1947433655961812,52.047043
2018-08-28,0.2902829611906782,0.1154835083497025,52.467354
2018-08-29,0.2806120789027773,0.1075451556013843,53.250668
2018-08-30,0.2028886183840223,0.0817728502353764,53.740234
2018-08-31,0.3931377450143919,0.2259164910840359,54.361156
2018-09-04,0.4700080723874272,0.149567674086275,54.535492
2018-09-05,0.281857904351782,0.1707561898114664,54.179661
2018-09-06,0.2674507087375969,0.0861539761467499,53.279331
2018-09-07,-0.0369818120938725,-0.0575985111857277,52.849461
2018-09-10,0.1276384983072057,0.0668825264668564,52.140186
2018-09-11,0.3717844450951089,0.2071085573786466,53.458435
2018-09-12,0.2828162766550668,0.0949169112599232,52.79454
2018-09-13,0.3157248059660196,0.1338302523103868,54.069801
2018-09-14,0.3336406585923396,0.0985250973717771,53.456043
2018-09-17,0.1241124472790397,0.0353630916369538,52.032715
2018-09-18,0.2062425064202398,0.0919755607008122,52.118702
2018-09-19,0.344036587649025,0.1552993678975769,52.149742
2018-09-20,0.2421068895841017,0.089921009548671,52.546162
2018-09-21,0.3692888645175844,0.1544244274822086,51.980167
2018-09-24,0.3802940694813151,0.2006157344340669,52.727665
2018-09-25,0.2677823672257364,0.0918661293578414,53.062012
2018-09-26,0.2775840693316422,0.1087401357919173,52.639309
2018-09-27,0.2637977786245756,0.1390910261443937,53.721146
2018-09-28,0.2951407158910297,0.1364993396467511,53.909798
2018-10-01,0.2661938741232734,0.1548610795030283,54.272793
2018-10-02,0.2752404766599648,0.1616879253857672,54.755188
2018-10-03,0.2950892548216507,0.1529169141987492,55.421486
2018-10-04,0.1561488053645007,0.077808058482975,54.447132
2018-10-05,0.1572875415440649,0.065658122620642,53.563511
2018-10-08,0.1992606197344139,0.0833965435719405,53.439335
2018-10-09,0.2849585538823158,0.1596115337799478,54.179661
2018-10-10,0.2284960805205628,0.0871142486975071,51.66972
2018-10-11,0.2264710673363879,0.1318039519056791,51.213596
2018-10-12,0.3582342575187795,0.1604631051150109,53.0429
2018-10-15,0.2556443274929189,0.1627451665996103,51.908531
2018-10-16,0.1821215402381495,0.0772677555591963,53.052456
2018-10-17,0.2668415149208158,0.1703988765129543,52.823189
2018-10-18,0.185041325436905,0.081713097189796,51.58852
2018-10-19,0.2950681652640924,0.1162292444404959,52.374218
2018-10-22,0.2364081080141478,0.1525919913188758,52.694225
2018-10-23,0.1627790044434368,0.0786920404087957,53.19096
2018-10-24,0.1040666467882692,0.04966213770034,51.366425
2018-10-25,0.2838955591013655,0.1731382275725894,52.491238
2018-10-26,0.2097310468973591,0.1440551199048937,51.655399
2018-10-29,0.2074653537548147,0.0749063057870079,50.68581
2018-10-30,0.2352788616274484,0.0875922250604664,50.938957
2018-10-31,0.19342602775665,0.0576319897363574,52.266758
2018-11-01,0.0336327103385702,0.0178978101077056,53.069176
2018-11-02,0.1396940827486105,0.0552206189972774,49.549057
2018-11-05,0.101100295104552,0.0225348748694071,48.142448
2018-11-06,0.18307614619378,0.0773776643488432,48.663063
2018-11-07,0.2685552435158752,0.1258244819925944,50.138924
2018-11-08,0.0657211705902591,0.0321430715315626,49.963989
2018-11-09,0.1363966337731108,0.0771132680983301,49.000607
2018-11-12,0.0455194888729602,0.0205324376466883,46.532246
2018-11-13,0.0148559644818305,-0.039665001402098,46.067333
2018-11-14,-0.0643608419736847,-0.0506444359037994,44.766037
2018-11-15,0.2075803317921236,0.1035921833531834,45.870815
2018-11-16,0.2038498581130989,0.086961159547449,46.378868
2018-11-19,-0.061947016599588,-0.0140749891293814,44.540783
2018-11-20,-0.0262113669980317,-0.0333393419035843,42.412708
2018-11-21,0.1821166547061876,0.0615749636628987,42.364784
2018-11-23,0.1148861182387918,0.0274449252174874,41.288773
2018-11-26,0.140380387569312,0.0364318808482427,41.847141
2018-11-27,0.1936088862130418,0.0839441752999584,41.756084
2018-11-28,0.2244356106128543,0.1047608578850396,43.361713
2018-11-29,0.1592194527736865,0.0781804802876069,43.028606
2018-11-30,0.4036849321634509,0.2083128121694782,42.796154
2018-12-03,0.3122871303232387,0.1184194063329621,44.29155
2018-12-04,0.0469183099316433,0.0288954776118464,42.343216
2018-12-06,0.1538176351459697,0.0653524801967527,41.871113
2018-12-07,0.1226547570549883,0.0604972704094006,40.378105
2018-12-10,0.0457473338302224,-0.0102203674832838,40.644112
2018-12-11,0.1124972643982618,0.0668258305456205,40.411663
2018-12-12,0.2234465481271036,0.124135293756224,40.524296
2018-12-13,0.2148965517734178,0.1187302156634808,40.967648
2018-12-14,0.0308942015329375,-0.02644609596937,39.656776
2018-12-17,0.2302372911293059,0.1373604494177615,39.28772
2018-12-18,0.2063285378785804,0.0924087876788975,39.798161
2018-12-19,0.1888823227281682,0.0576427800368667,38.556789
2018-12-20,0.1434114517411217,0.0867114927673053,37.583824
2018-12-21,0.1644640381773933,0.0534992332104272,36.121986
2018-12-24,0.2613116723042913,0.1423759329143485,35.187355
2018-12-26,0.2558451830991544,0.1389400946039017,37.66531
2018-12-27,0.0362209475203417,-0.0058303709203744,37.420864
2018-12-28,0.2836135556711815,0.1238993174810395,37.440041
2018-12-31,0.3949098510213662,0.2088713362417827,37.801907
2019-01-02,-0.1187259863875806,-0.0038585154634424,37.845043
2019-01-03,-0.0991847224906087,-0.0015103052838139,34.075397
2019-01-04,0.0709466764540411,0.0550412168877647,35.530052
2019-01-07,0.0940632222266867,0.027370822696163,35.45097
2019-01-08,0.1545014584064484,0.0960565783217966,36.12677
2019-01-09,0.1887593227764591,0.1118233459586111,36.740269
2019-01-10,0.2273243432235904,0.1248779346120555,36.8577
2019-01-11,0.29812849316746,0.1421786603600714,36.495827
2019-01-14,0.2426553889969364,0.1357599988833991,35.947048
2019-01-15,0.2817652665590867,0.10759848212958,36.682751
2019-01-16,0.1707199670409318,0.1066980392980262,37.130894
2019-01-17,0.1658407002571039,0.0744272835862346,37.351368
2019-01-18,0.1949970261892304,0.0940771561158357,37.581421
2019-01-22,0.1430386722646653,0.0433867741691061,36.737869
2019-01-23,0.1528486802231054,0.0602432519698975,36.886459
2019-01-24,0.1377251142077148,0.0776824311636851,36.594093
2019-01-25,0.1443653501733206,0.0991865084282856,37.806702
2019-01-28,0.168166012535803,0.0440806536723188,37.456814
2019-01-29,0.1976602894091047,0.0773899766856638,37.068588
2019-01-30,0.2664166551141534,0.0915117431863173,39.601654
2019-01-31,0.303302529961802,0.1310623475543814,39.886837
2019-02-01,0.2236866180272773,0.1230395571090684,39.906013
2019-02-04,0.3607995165814646,0.1705781652852997,41.039532
2019-02-05,0.151743278990034,0.0590063633323385,41.741695
2019-02-06,0.1566249024006538,0.0731485938195593,41.756084
2019-02-07,0.2091776510188356,0.1288916725241789,40.965237
2019-02-08,0.1934573709825054,0.107615632502222,41.013371
2019-02-11,0.2128939738334156,0.0738282437212934,40.777519
2019-02-12,0.2805898010614328,0.1335625844003697,41.12891
2019-02-13,0.198811999008758,0.1170604989263789,40.958019
2019-02-14,0.2164219165407122,0.0874687682652035,41.107243
2019-02-15,0.1397552882507443,0.0826217541102092,41.015774
2019-02-19,0.2444382307631895,0.1341767647772676,41.138523
2019-02-20,0.4503126224386506,0.1986897223924772,41.403275
2019-02-21,0.1602235867758281,0.0967128695789002,41.169819
2019-02-22,0.3113824648875744,0.1450018756848524,41.629509
2019-02-25,0.2355043263942934,0.1439717866387399,41.932755
2019-02-26,0.260673420408275,0.1449134024773876,41.956829
2019-02-27,0.3540009977063164,0.1615409866832017,42.086788
2019-02-28,0.1586334266583435,0.0992201895487667,41.672829
2019-03-01,0.2564071628358215,0.1725888723057898,42.110851
2019-03-04,0.2822449022484943,0.1590026602948276,42.322655
2019-03-05,0.3512697837967425,0.1899586921901732,42.245636
2019-03-06,0.3134414521488362,0.1783699489100357,42.002548
2019-03-07,0.3678882010909729,0.1710035943440393,41.516388
2019-03-08,0.346738594674971,0.134556190242835,41.615074
2019-03-11,0.2759622757800389,0.1478178684299318,43.056705
2019-03-12,0.202578018954955,0.0871643976743549,43.540459
2019-03-13,0.2100831889128313,0.1085976202025007,43.733006
2019-03-14,0.3399178859347012,0.1717993972685911,44.219166
2019-03-15,0.2818783620116301,0.1500240248943197,44.794392
2019-03-18,0.2827823696890846,0.1606412182131528,45.251652
2019-03-19,0.2695880123728421,0.1499606325574012,44.893055
2019-03-20,0.3763600183697417,0.1316605525290556,45.285355
2019-03-21,0.4140866079658736,0.134796448783309,46.953232
2019-03-22,0.2036673683032858,0.1144911204360876,45.980904
2019-03-25,0.2457626766967587,0.0768014486545037,45.42495
2019-03-26,0.2095090776938014,0.0867884473171277,44.955624
2019-03-27,0.2600249969214201,0.0950032370947436,45.359962
2019-03-28,0.2969437519600615,0.1796399075359172,45.420135
2019-03-29,0.2622609138651751,0.1254593093491624,45.71616
2019-04-01,0.1917913295549806,0.1136332278020262,46.026638
2019-04-02,0.3974802930257283,0.2173622001217224,46.695705
2019-04-03,0.3025607390282676,0.1158275607178832,47.015812
2019-04-04,0.2960563758993522,0.1709122487087873,47.097641
2019-04-05,0.2748625140252989,0.1203512517411938,47.412918
2019-04-08,0.2970425751607399,0.1836271048247343,48.159012
2019-04-09,0.1936075753183104,0.0760489102033414,48.014606
2019-04-10,0.2003138421894983,0.105855317447012,48.284161
2019-04-11,0.3323010715225246,0.1562412208168974,47.882236
2019-04-12,0.2168193051754497,0.0914930157586202,47.862988
2019-04-15,0.2532643351203296,0.1622950646180685,47.949615
2019-04-16,0.2560409948881716,0.1353793402614857,47.954433
2019-04-17,0.1950209180824458,0.0749461623874807,48.88826
2019-04-18,0.1577288266550749,0.1016518603370217,49.063953
2019-04-22,0.3578926313389093,0.1516795856460399,49.225197
2019-04-23,0.259524939514231,0.111569465733062,49.935184
2019-04-24,0.32629742924124,0.1699009902763419,49.858185
2019-04-25,0.3061579752922989,0.1473588402361672,49.405712
2019-04-26,0.3305755195638631,0.1854837779059562,49.169846
2019-04-29,0.3428550550306681,0.1717099132201567,49.244461
2019-04-30,0.2281619646330364,0.0887136793041076,48.296192
2019-05-01,0.2777315879729577,0.1624771238851048,50.666843
2019-05-02,0.2465875807078555,0.1713895936885112,50.337116
2019-05-03,0.3088359211047646,0.1632991744745464,50.962872
2019-05-06,0.2521781657915563,0.1257007663160613,50.175861
2019-05-07,0.2673178355814889,0.118540729383048,48.823277
2019-05-08,0.2403375498729293,0.1363422419390697,48.832897
2019-05-09,0.2565033575857524,0.1138652079524646,48.308235
2019-05-10,0.2353579445881769,0.128321802380558,47.638988
2019-05-13,0.0503941457322798,0.0492233995635914,44.870235
2019-05-14,0.2035518234758638,0.1104199775925448,45.580555
2019-05-15,0.2208101364364847,0.1061076260630023,46.126572
2019-05-16,0.1724684520182199,0.09704282046258,45.923626
2019-05-17,0.1865350396023132,0.1133105779397955,45.662685
2019-05-20,0.1146194808697327,0.0945673044137338,44.234837
2019-05-21,0.2157592853321694,0.11359983972612,45.082863
2019-05-22,0.1516689260455314,0.065625178115071,44.159931
2019-05-23,0.1571946984739043,0.1110229396604531,43.406139
2019-05-24,0.3399985839705915,0.1626619173000065,43.239433
2019-05-28,0.2260570040997118,0.079340235066133,43.06065
2019-05-29,0.1167025453131645,0.0409884472286249,42.855286
2019-05-30,0.2395472570601851,0.1143782264650203,43.077553
2019-05-31,0.212784606886562,0.0880078501687916,42.297188
2019-06-03,0.1075399090233258,0.0759118276783695,41.869545
2019-06-04,0.1464437923068181,0.0942663784344014,43.401302
2019-06-05,0.1917839642520994,0.0887971488703741,44.101944
2019-06-06,0.232845003164839,0.1216807581594445,44.749439
2019-06-07,0.2423636912973598,0.13782672250317,45.940533
2019-06-10,0.2779307260853239,0.1246007682632439,46.527634
2019-06-11,0.3527117251907475,0.2005790543220235,47.066387
2019-06-12,0.2376596602238715,0.117609486783453,46.916607
2019-06-13,0.1876540695293806,0.093205228505357,46.90694
2019-06-14,0.2202023410203401,0.1397958420188679,46.56628
2019-06-17,0.3205375118646771,0.1338764800897295,46.844128
2019-06-18,0.2212831044383347,0.1115536869097696,47.945827
2019-06-19,0.1225898997043259,0.0111578935211835,47.805706
2019-06-20,0.2132231187215075,0.112216329693564,48.189846
2019-06-21,0.2734766538720578,0.118170257523109,48.025566
2019-06-24,0.2615904531464912,0.1764421026854684,47.977245
2019-06-25,0.1700027463980951,0.0768193099118239,47.250011
2019-06-26,0.1678394912916701,0.0905054568161597,48.271988
2019-06-27,0.2474978106236085,0.1066902718160826,48.2575
2019-06-28,0.3094227796164341,0.1900902622533335,47.817776
2019-07-01,0.1912910977378488,0.0896146246646994,48.694801
2019-07-02,0.295280358728487,0.1800337687051073,48.979885
2019-07-03,0.1762886393815279,0.0940162309394062,49.385777
2019-07-05,0.2545919267064892,0.1277620260142421,49.342278
2019-07-08,0.1040786961978301,0.060774798637294,48.325138
2019-07-09,0.2061313934181817,0.0876505067268267,48.6199
2019-07-10,0.1885423562745564,0.1257336105689678,49.100689
2019-07-11,0.08870963527821,0.0163399687518075,48.743118
2019-07-12,0.2958708488126286,0.1338334939447432,49.117596
2019-07-15,0.2194874531636014,0.1718732597521293,49.57906
2019-07-16,0.2218296208826359,0.117461186923575,49.40752
2019-07-17,0.1435743576218374,0.0658652812823927,49.129677
2019-07-18,0.2024833605973981,0.1016158935533023,49.687775
2019-07-19,0.3031969171063975,0.1633609298725624,48.94606
2019-07-22,0.3263288574642502,0.1091886689467235,50.064678
2019-07-23,0.2119367685285397,0.1297975483925815,50.45607
2019-07-24,0.2374701703432947,0.1221606887277852,50.414997
2019-07-25,0.2463092881953343,0.1130625567712428,50.016357
2019-07-26,0.2917664347519166,0.0834879449551764,50.190308
2019-07-29,0.1993066480988636,0.155589940491956,50.659012
2019-07-30,0.3620211803121492,0.1400742399228838,50.44157
2019-07-31,0.3225708787934855,0.1790909147913702,51.470798
2019-08-01,0.1940443044155836,0.0873558692418528,50.357002
2019-08-02,0.1625098188407719,0.0987574276148004,49.291546
2019-08-05,0.1630196644633542,0.0944944382444065,46.711239
2019-08-06,0.1877007391583175,0.0877696516643271,47.595505
2019-08-07,0.3039162906748243,0.1085479330708729,48.088371
2019-08-08,0.3215550194471143,0.2204613404937609,49.14901
2019-08-09,0.2109456802206114,0.1398734908844552,48.743992
2019-08-12,0.252014535976341,0.1522755897306658,48.620308
2019-08-13,0.0738178218388929,0.0050405654741612,50.679302
2019-08-14,0.1438833677116782,0.0682241351404234,49.170822
2019-08-15,0.1631981672556139,0.0400509042191864,48.925888
2019-08-16,0.1177915401849895,0.0593232594568092,50.080284
2019-08-19,0.1277999908360652,0.0933834242787298,51.013988
2019-08-20,0.1558223112067208,0.0959173893955067,51.016407
2019-08-21,0.2069938648934476,0.1750987144148712,51.569347
2019-08-22,0.1403759434213862,0.0964401054179248,51.5257
2019-08-23,0.1067783162475098,0.0672024432472145,49.14415
2019-08-26,0.0621638468233868,0.0374053883696013,50.077858
2019-08-27,0.1229312377981841,0.0625324059076922,49.512787
2019-08-28,0.1270149974268861,0.0864415100219469,49.845032
2019-08-29,0.23150072485907,0.1600478910481276,50.688999
2019-08-30,0.1392521980055608,0.0787882896134426,50.62352
2019-09-03,0.1192925562441814,0.0711479784480151,49.886261
2019-09-04,0.3388555991195608,0.2368024381466861,50.732658
2019-09-05,0.2504847390763462,0.1792577945000355,51.72456
2019-09-06,0.1028655969724059,0.0814117914856616,51.719715
2019-09-09,0.1130155681842006,0.0420738712371059,51.940403
2019-09-10,0.3504928730835673,0.1493805873731385,52.553974
2019-09-11,0.2236012556846254,0.0819789645835035,54.224941
2019-09-12,0.2494674638006836,0.1414272716865182,54.103676
2019-09-13,0.1633854257757775,0.0711018549345771,53.05114
2019-09-16,0.2482936069264542,0.1505820368509309,53.330036
2019-09-17,0.1601469657407142,0.0798216667068669,53.524052
2019-09-18,0.2773592227883637,0.126763411326816,54.026077
2019-09-19,0.1762903090822511,0.1038519558988947,53.587105
2019-09-20,0.1770955011388287,0.0613727994085689,52.803768
2019-09-23,0.2474344262038357,0.1191283961338857,53.043873
2019-09-24,0.1966134395613334,0.1073058956786567,52.791641
2019-09-25,0.2633140081621241,0.1078690890394069,53.604084
2019-09-26,0.2667130060959607,0.1365884624353291,53.327618
2019-09-27,0.1125054908310994,0.0601193384266763,53.068119
2019-09-30,0.278808143644128,0.0731145171589489,54.317093
2019-10-01,0.2014738984126598,0.103930560969616,54.467457
2019-10-02,0.1223176168650388,0.0366006963110595,53.102062
2019-10-03,0.2998196146218106,0.1157423833968649,53.553158
2019-10-04,0.2943576492648572,0.1086223586897719,55.054356
2019-10-07,0.1986240781098604,0.1155699601978467,55.066475
2019-10-08,0.0705229793908074,0.0283037522556188,54.421375
2019-10-09,0.1396593681094237,0.0602316101157983,55.059204
2019-10-10,0.0417260271240957,-0.0001252202511162,55.801323
2019-10-11,0.1444643808063119,0.0280265113440076,57.285538
2019-10-14,0.2489989185333252,0.1153359893575623,57.203075
2019-10-15,0.3757222575694323,0.215636424323117,57.069702
2019-10-16,0.2181704358407296,0.0701811895188491,56.839294
2019-10-17,0.2748462479538284,0.1608797557659834,57.059998
2019-10-18,0.164182998817414,0.0832099062635738,57.334038
2019-10-21,0.2395644186181016,0.0844125063147384,58.328369
2019-10-22,0.1775152190611698,0.0788391299145017,58.194977
2019-10-23,0.2609988800738938,0.0793108838647134,58.975891
2019-10-24,0.2476723487582058,0.151188942590837,59.072899
2019-10-25,0.2092598321149126,0.0987719744693617,59.800461
2019-10-28,0.2889745688764379,0.1336065615711045,60.399475
2019-10-29,0.2824873444554396,0.1848328391228618,59.002575
2019-10-30,0.273296393128112,0.0818904935284344,58.9953
2019-10-31,0.3597628918825649,0.138116051564595,60.329155
2019-11-01,0.3431068924313877,0.160176828004817,62.041332
2019-11-04,0.2313564376789146,0.086629601505863,62.448776
2019-11-05,0.1075521955499425,0.0555001472568733,62.359043
2019-11-06,0.2860475092602428,0.1216170081627016,62.385715
2019-11-07,0.2262547841726337,0.1065013923870364,63.105721
2019-11-08,0.1443432121584192,0.0550226614951165,63.278435
2019-11-11,0.103394634835422,0.0620069508919303,63.779549
2019-11-12,0.2100043163774535,0.093324365273682,63.721134
2019-11-13,0.332433301898418,0.1079423829750471,64.331688
2019-11-14,0.1537891090521589,0.078275966256654,63.886559
2019-11-15,0.1077976474212483,0.0513949505514405,64.645477
2019-11-18,0.2257479108101688,0.1189652559754333,64.971443
2019-11-19,0.2400282142055221,0.1369527197664789,64.774406
2019-11-20,0.2446530833444558,0.1646571026012996,64.020325
2019-11-21,0.26092175883241,0.1500323831760723,63.733326
2019-11-22,0.1122052311431616,0.0335258533440809,63.677364
2019-11-25,0.1817237907205708,0.0728208512604614,64.793869
2019-11-26,0.1373834079620428,0.0401963075496968,64.287918
2019-11-27,0.2046570154419169,0.0931761604150712,65.151428
2019-11-29,0.2317359805444721,0.1232425290535517,65.007927
2019-12-02,0.1304401509568561,0.0617902643361533,64.256279
2019-12-03,0.1396138846757821,0.0788848092889606,63.110588
2019-12-04,0.1933538652048446,0.0634414048735264,63.667633
2019-12-05,0.2127426920947618,0.141821763973343,64.601692
2019-12-06,0.2960867533518467,0.1306877874337569,65.849548
2019-12-09,0.2318451103428379,0.1359610240374421,64.927658
2019-12-10,0.2853282605821732,0.1603716408603795,65.307121
2019-12-11,0.223760879986221,0.1525174366113901,65.864174
2019-12-12,0.1348004765633959,0.0456602574051695,66.031982
2019-12-13,0.1678886134806089,0.0803805402656813,66.929581
2019-12-16,0.2377027679176536,0.1588884006295736,68.075264
2019-12-17,0.1973630050662905,0.0933517044830029,68.209061
2019-12-18,0.1547243438346777,0.0766451607479845,68.046082
2019-12-19,0.2246414526249282,0.1312313286546223,68.114212
2019-12-20,0.2125695436308159,0.1188604252958823,67.973106
2019-12-23,0.1240299948770553,0.0034570557892733,69.082321
2019-12-24,0.1568127709906548,0.0885970622858217,69.147995
2019-12-26,0.2879360573249869,0.1652060133735351,70.519913
2019-12-27,0.1180905874527525,0.0851468450198814,70.493164
2019-12-30,0.2234692229703069,0.0981704957660271,70.911545
2019-12-31,0.2638953815051355,0.1327647589933862,71.429649
